{"cameraMode":{"drawMode":0,"name":"Shaded","section":"Shading Mode"},"sceneLighting":false,"audioPlay":false,"sceneViewState":{"showFog":true,"showMaterialUpdate":true,"showSkybox":false,"showFlares":true,"showImageEffects":true,"showParticleSystems":true},"in2DMode":false,"pivot":{"x":-3.5762786865234377e-7,"y":0.9879839420318604,"z":-0.09400766342878342},"rotation":{"x":-0.008738605305552483,"y":0.9886390566825867,"z":-0.06326174736022949,"w":-0.13698628544807435},"size":4.980016231536865,"orthographic":false}