{"cameraMode":{"drawMode":0,"name":"Shaded","section":"Shading Mode"},"sceneLighting":false,"audioPlay":false,"sceneViewState":{"showFog":true,"showMaterialUpdate":true,"showSkybox":false,"showFlares":true,"showImageEffects":true,"showParticleSystems":true},"in2DMode":false,"pivot":{"x":-2.5000057220458986,"y":1.500000238418579,"z":0.0818023681640625},"rotation":{"x":0.044692642986774448,"y":-0.774473249912262,"z":-0.05522869527339935,"w":-0.6287237405776978},"size":9.624862670898438,"orthographic":false}