{"cameraMode":{"drawMode":0,"name":"Shaded","section":"Shading Mode"},"sceneLighting":false,"audioPlay":false,"sceneViewState":{"showFog":true,"showMaterialUpdate":true,"showSkybox":false,"showFlares":true,"showImageEffects":true,"showParticleSystems":true},"in2DMode":false,"pivot":{"x":5.960464477539063e-8,"y":0.8491243124008179,"z":2.086162567138672e-7},"rotation":{"x":0.00804341584444046,"y":0.7085457444190979,"z":-0.008075502701103688,"w":0.7055741548538208},"size":3.1304309368133547,"orthographic":true}