{"cameraMode":{"drawMode":0,"name":"Shaded","section":"Shading Mode"},"sceneLighting":true,"audioPlay":false,"sceneViewState":{"showFog":true,"showMaterialUpdate":true,"showSkybox":true,"showFlares":true,"showImageEffects":true,"showParticleSystems":true},"in2DMode":false,"pivot":{"x":12.117518424987793,"y":14.42899227142334,"z":29.952489852905275},"rotation":{"x":-0.008738605305552483,"y":0.9886390566825867,"z":-0.06326174736022949,"w":-0.13698628544807435},"size":17.715391159057618,"orthographic":false}