{"cameraMode":{"drawMode":0,"name":"Shaded","section":"Shading Mode"},"sceneLighting":false,"audioPlay":false,"sceneViewState":{"showFog":true,"showMaterialUpdate":true,"showSkybox":false,"showFlares":true,"showImageEffects":true,"showParticleSystems":true},"in2DMode":false,"pivot":{"x":-0.0000019073486328125,"y":0.6046829223632813,"z":0.0},"rotation":{"x":0.28717488050460818,"y":0.6693095564842224,"z":-0.6079553961753845,"w":0.31615909934043887},"size":8.654854774475098,"orthographic":false}