{"cameraMode":{"drawMode":0,"name":"Shaded","section":"Shading Mode"},"sceneLighting":false,"audioPlay":false,"sceneViewState":{"showFog":true,"showMaterialUpdate":true,"showSkybox":false,"showFlares":true,"showImageEffects":true,"showParticleSystems":true},"in2DMode":false,"pivot":{"x":-17.26993179321289,"y":13.912590980529786,"z":-23.600000381469728},"rotation":{"x":-0.04607721045613289,"y":0.871216356754303,"z":-0.08338084071874619,"w":-0.4818296432495117},"size":6.99364709854126,"orthographic":false}