{"cameraMode":{"drawMode":0,"name":"Shaded","section":"Shading Mode"},"sceneLighting":false,"audioPlay":false,"sceneViewState":{"showFog":true,"showMaterialUpdate":true,"showSkybox":false,"showFlares":true,"showImageEffects":true,"showParticleSystems":true},"in2DMode":false,"pivot":{"x":-3.9889543056488039,"y":-1.8584508895874024,"z":-0.0778457447886467},"rotation":{"x":-0.20417509973049165,"y":0.6185633540153503,"z":-0.17078271508216859,"w":-0.73944491147995},"size":7.2411651611328129,"orthographic":false}