{"cameraMode":{"drawMode":0,"name":"Shaded","section":"Shading Mode"},"sceneLighting":false,"audioPlay":false,"sceneViewState":{"showFog":true,"showMaterialUpdate":true,"showSkybox":false,"showFlares":true,"showImageEffects":true,"showParticleSystems":true},"in2DMode":false,"pivot":{"x":-2.4999990463256838,"y":1.5000001192092896,"z":0.11419010162353516},"rotation":{"x":0.0054632495157420639,"y":0.9939215779304504,"z":-0.0936041921377182,"w":0.05819572135806084},"size":9.628450393676758,"orthographic":false}