{"cameraMode":{"drawMode":0,"name":"Shaded","section":"Shading Mode"},"sceneLighting":false,"audioPlay":false,"sceneViewState":{"showFog":true,"showMaterialUpdate":true,"showSkybox":false,"showFlares":true,"showImageEffects":true,"showParticleSystems":true},"in2DMode":false,"pivot":{"x":0.006617426872253418,"y":0.011335134506225586,"z":-0.708254337310791},"rotation":{"x":-0.3095302879810333,"y":-0.0816936269402504,"z":0.02682776004076004,"w":-0.9470642805099487},"size":22.627155303955079,"orthographic":false}