{"cameraMode":{"drawMode":0,"name":"Shaded","section":"Shading Mode"},"sceneLighting":true,"audioPlay":false,"sceneViewState":{"showFog":true,"showMaterialUpdate":true,"showSkybox":true,"showFlares":true,"showImageEffects":true,"showParticleSystems":true},"in2DMode":false,"pivot":{"x":7.370819091796875,"y":13.475783348083496,"z":34.23356628417969},"rotation":{"x":-0.04607721045613289,"y":0.871216356754303,"z":-0.08338084071874619,"w":-0.4818296432495117},"size":26.16714859008789,"orthographic":false}