{"cameraMode":{"drawMode":0,"name":"Shaded","section":"Shading Mode"},"sceneLighting":true,"audioPlay":false,"sceneViewState":{"showFog":false,"showMaterialUpdate":true,"showSkybox":true,"showFlares":true,"showImageEffects":true,"showParticleSystems":true},"in2DMode":false,"pivot":{"x":-7.909999847412109,"y":13.892999649047852,"z":0.7699999809265137},"rotation":{"x":0.30702218413352969,"y":0.13389824330806733,"z":-0.043676186352968219,"w":0.9412310123443604},"size":3.782083749771118,"orthographic":false}