{"cameraMode":{"drawMode":0,"name":"Shaded","section":"Shading Mode"},"sceneLighting":true,"audioPlay":false,"sceneViewState":{"showFog":false,"showMaterialUpdate":true,"showSkybox":true,"showFlares":true,"showImageEffects":true,"showParticleSystems":true},"in2DMode":false,"pivot":{"x":20.059999465942384,"y":15.790000915527344,"z":41.709999084472659},"rotation":{"x":-0.050709232687950137,"y":-0.27731794118881228,"z":0.014658530242741108,"w":-0.9593316912651062},"size":22.989501953125,"orthographic":false}